{
  "version": 1,
  "palettes": {
    "minecraft:dye": {
      "white": [1.0, 1.0, 1.0, 1.0],
      "orange": [0.91375005, 0.5375, 0.2, 1.0],
      "magenta": [0.77, 0.315, 0.93500006, 1.0],
      "light_blue": [0.42, 0.63, 0.8925, 1.0],
      "yellow": [0.99, 0.85499996, 0.19, 1.0],
      "lime": [0.5, 0.8, 0.1, 1.0],
      "pink": [0.97374994, 0.5375, 0.66624993, 1.0],
      "gray": [0.3375, 0.3375, 0.3375, 1.0],
      "silver": [0.6, 0.6, 0.6, 1.0],
      "cyan": [0.27, 0.475, 0.63, 1.0],
      "purple": [0.5, 0.26875, 0.7, 1.0],
      "blue": [0.185, 0.2775, 0.6125, 1.0],
      "brown": [0.4, 0.2775, 0.2, 1.0],
      "green": [0.4, 0.5, 0.2, 1.0],
      "red": [0.6, 0.2, 0.2, 1.0],
      "black": [0.133, 0.133, 0.133, 1.0]
    },
    "charset:laser": {
      "black": [0.0, 0.0, 0.0, 0.0],
      "blue": [0.0, 0.0, 1.0, 0.75],
      "green": [0.0, 1.0, 0.0, 0.3125],
      "cyan": [0.0, 1.0, 1.0, 0.5],
      "red": [1.0, 0.0, 0.0, 0.5],
      "magenta": [1.0, 0.0, 1.0, 0.625],
      "yellow": [1.0, 1.0, 0.0, 0.5625],
      "white": [1.0, 1.0, 1.0, 0.75]
    }
  }
}