{
  "white": [1.0, 1.0, 1.0],
  "orange": [0.91375005, 0.5375, 0.2],
  "magenta": [0.77, 0.315, 0.93500006],
  "light_blue": [0.42, 0.63, 0.8925],
  "yellow": [0.99, 0.85499996, 0.19],
  "lime": [0.5, 0.8, 0.1],
  "pink": [0.97374994, 0.5375, 0.66624993],
  "gray": [0.3375, 0.3375, 0.3375],
  "silver": [0.6, 0.6, 0.6],
  "cyan": [0.27, 0.475, 0.63],
  "purple": [0.5, 0.26875, 0.7],
  "blue": [0.185, 0.2775, 0.6125],
  "brown": [0.4, 0.2775, 0.2],
  "green": [0.4, 0.5, 0.2],
  "red": [0.6, 0.2, 0.2],
  "black": [0.133, 0.133, 0.133]
}